Narxlar ,Maxsulotlar 
"$505.89 to $1,075.72"," 2015 MacBook Pro 13"" Retina I5 2.7G 2.9G i7 16GB 3.1GHz 512GB 1TB SSD Warranty"
"$1,139.04 to $1,455.61","2015 MacBook Pro 15"" Retina i7 2.2GHz 2.5GHz 2.8GHz 16GB 512GB 1TB SSD Warranty"
$710.00,2016 apple macbook pro 15 touch bar 256gb Quad Core I7  
"$1,445.99","2018 Apple MacBook Pro Retina Core i7 2.2GHz 16GB 256GB SSD 15.4"" Notebook"
$435.00,2018 Apple Macbook Air 13 Inch A1932 
"$1,075.72","2018 MacBook Air Retina 13"" i5 1.6GHz 16GB 512GB SSD Grey As New"
"$474.95 to $1,195.00","APPLE MACBOOK PRO 15 inch RETINA / CORE i7 / 1TB SSD / 16GB / OS-2017, 2018 2019"
$537.39,"Apple MacBook 12'' 512 GB Silver Laptop - MLHC2LL/A (April, 2016)"
$324.92,"Apple MacBook A1342, H Sierra 4GB RAM - 1TB HDD - A Grade - F236"
$164.67,"Apple MacBook Air 11"" (60 GB SSD, Intel Core i5, 1.7 GHz, 4 GB Memory)"
$799.00,"Apple MacBook Air 13"" Intel Core i5 8th Gen 256GB SSD 8GB RAM"
$610.00,"Apple MacBook Air 13.3"" (128GB SSD, Intel Core i5 8th Gen., 1.60 GHz, 8GB)..."
$177.50,"Apple MacBook Air A1466 (3178) i5-5350U 1.8GHz 8GB RAM 128GB SSD 13.3"" Laptop"
$769.00,"Apple MacBook Pro 13"" Intel Core i5 2.3GHz, 128GB PCIe SSD, 8GB DDR3 Space Gray"
$349.00,"Apple MacBook Pro 13"" Mid 2012 A1278 MD102LL/A - i7 2.9 GHz, 8 GB, 256 GB SSD"
$426.26,"Apple MacBook Pro 13"" Mid 2012 i7-2.9GHz, 480GB SSD, 8GB RAM in good condition"
$399.92,"Apple MacBook Pro 13"" Retina 128GB 8GB Intel Core i5 2.7GHz Dual-Core"
"$1,375.00","Apple MacBook Pro 13.3"" (512 GB, Intel Core i5 8th Gen. 2.3GHz, 8GB) Space Grey"
$725.18,"Apple MacBook Pro 15 Retina MID 2012 i7 2,3ghz RAM 8gb SSD 256gb 227 cycles a1398"
"$1,849.99","Apple MacBook Pro 15"" 2017 3.1Ghz / 16GB / 2TB / Radeon 560 / AppleCare 2020!"
$924.99,"Apple MacBook Pro 15"" Retina 2015 / 3.4Ghz Core i7 / 16GB RAM / 1TB SSD"
"$1,624.66","Apple MacBook Pro 15,4-Inch ""Core i7"" 2.8, 16Gb, 256SSD Touch/Mid-2017 A1707"
"$2,159.19","Apple MacBook Pro 16"" (512gb, Intel Core i7, 2.6 GHz, 16 GB) Laptop-Notebook"
$344.56,"Apple MacBook Pro 2.5GHz Intel Dual-Core i5, 16GB Ram, 500GB SSD"
$289.99,"Apple MacBook Pro A1278 9,2 13.3"" Laptop 2.5GHz Core i5 500GB HDD 4GB Catalina "
$560.00,"Apple MacBook Pro A1708 13"" Laptop,  - MPXQ2LL/A - (June, 2017, Space Gray)"
$598.78,"Apple MacBook Pro Core i5 2.4GHz 16GB 500 GB SSD  13.3"" Updated & Warranty"
$388.00,"Apple MacBook Pro Retina 13"" 2015 2.7 GHz i5, 8 GB RAM, 128 GB SSD Broke Screen"
$512.40,"Apple MacBook Pro Retina 13.3"" Laptop BOXED"
"$1,589.99","Apple MacBook Pro Retina Core i7  3.3GHz 16GB 512GB SSD 13.3"" Warranty !! "
$436.20,"Apple macbook 15,4"" (512gb ssd, Intel Core i7 4.ª GEN., 2,30ghz, 16gb) or..."
$462.37,"Apple macbook pro 13"" Intel Core i5 2,4 GHz 4gb"
"$1,741.16","BRAND NEW! Apple MacBook Pro 15"" Retina A1398 Mid 2015 2.5GHz 16GB RAM 512GB SSD"
$205.01,"Late 2011 Macbook Pro 13,3 inch + 256GB SSD + 10GB Ram spots + Intel i5 CPU"
$749.84,"MacBook Pro 11,2 A1398 i7-4770HQ 2.2Ghz 16GB Ram 256SSD Retina"
$610.99,"MacBook Pro 13"" 250GB Early 2015 Retina Display. 8GB RAM Excellent Condition"
$248.83,"MacBook Pro i7 8GB 256GB 15.4"" Retina Display - Late 2013"
$207.50,"Macbook Air 11.6"" 2013 1.3GHz Dual-C i5 4gb 16k DDR WORKING w/Bend Dings Dents& "
$343.51,Macbook pro 13
$380.58,Macbook pro 13
$458.01,Macbook pro 13 16gb ram and ssd
"$2,899.99","NEW SEALED APPLE 13"" MacBook Air 1.2GHz / 7-Core, Touch, 2TB, GOLD 2020 CUSTOM"
"$1,685.91",New ListingAPPLE - MacBook Pro 13 Touch Bar - 256 GB - MR9Q2FN/A - Space Gray - FRENCH AZER
$474.00,"New ListingApple MacBook 12'' 256 GB Space Gray Laptop - MLH72LL/A (April, 2016)"
$220.00,"New ListingApple MacBook Air A1932 (3184) i5-8210Y 1.6GHz 8GB RAM 128GB SSD 13.3"" Laptop"
$610.68,"New ListingApple MacBook Pro 13.3"" (128gb SSD, Intel Core i5 8ª Generation, 3,90 GHz,..."
$1.24,"New ListingApple MacBook Pro 13.3"" (512GB SSD, Intel Core i5 8th Gen., 2.40 GHz, 8GB)..."
$745.00,"New ListingApple MacBook Pro 13” 2017 (128GB, 2.3 GHz Intel Core i5, 8GB, Intel Iris 640)"
$951.00,"New ListingApple MacBook Pro 16"" w/TouchBar (2019)"
"$2,373.28",New ListingApple MacBook Pro 2019 Core i7 16GB 256GB SSD 15.4 Inch Touch Bar MV902FN/A
"$2,674.45",New ListingApple MacBook Pro Core i7 16GB 256GB SSD 15.4 Inch Radeon Pro 555X 4GB MacOS Tou
"$2,105.83","New ListingApple MacBook Pro Touch Bar Core i5 8GB 512GB SSD 13.3"" Silver MV9A2B/A - 2019"
"$2,851.00",New ListingBRAND NEW 2019 APPLE MACBOOK PRO 16“ CTO 2.4GHz i9 2TB SSD 32GB 5500M 8GB GRAY!
$1.09,New ListingMacbook air 13-very good condition mountain lion os
$544.16,New ListingMacbook pro 16 gb ram + ssd
$800.21,Powerful Apple Laptop MacBook Air 13 inch 1.7GHz Intel i7 8GB 256GB SSD A1466
$805.06,Powerful Apple Macbook Air 13 inch A1466 Mid 2013 1.7Ghz Intel i7 8GB 256GB SSD
$857.44,"UPGRADED MacBook Pro 13"" Retina, 2015 MF839LL/A, Core i5@2.7GHz, NEW 1TB SSD"
